fff111,AD,mmm111,Andorra,eee111
fff111,AE,mmm111,United Arab Emirates,eee111
fff111,AF,mmm111,Afghanistan,eee111
fff111,AG,mmm111,Antigua & Barbuda,eee111
fff111,AI,mmm111,Anguilla,eee111
fff111,AL,mmm111,Albania,eee111
fff111,AM,mmm111,Armenia,eee111
fff111,AO,mmm111,Angola,eee111
fff111,AQ,mmm111,Antarctica,eee111
fff111,AR,mmm111,Argentina,eee111
fff111,AS,mmm111,Samoa (American),eee111
fff111,AT,mmm111,Austria,eee111
fff111,AU,mmm111,Australia,eee111
fff111,AW,mmm111,Aruba,eee111
fff111,AX,mmm111,Aaland Islands,eee111
fff111,AZ,mmm111,Azerbaijan,eee111
fff111,BA,mmm111,Bosnia & Herzegovina,eee111
fff111,BB,mmm111,Barbados,eee111
fff111,BD,mmm111,Bangladesh,eee111
fff111,BE,mmm111,Belgium,eee111
fff111,BF,mmm111,Burkina Faso,eee111
fff111,BG,mmm111,Bulgaria,eee111
fff111,BH,mmm111,Bahrain,eee111
fff111,BI,mmm111,Burundi,eee111
fff111,BJ,mmm111,Benin,eee111
fff111,BL,mmm111,St Barthelemy,eee111
fff111,BM,mmm111,Bermuda,eee111
fff111,BN,mmm111,Brunei,eee111
fff111,BO,mmm111,Bolivia,eee111
fff111,BQ,mmm111,Caribbean Netherlands,eee111
fff111,BR,mmm111,Brazil,eee111
fff111,BS,mmm111,Bahamas,eee111
fff111,BT,mmm111,Bhutan,eee111
fff111,BV,mmm111,Bouvet Island,eee111
fff111,BW,mmm111,Botswana,eee111
fff111,BY,mmm111,Belarus,eee111
fff111,BZ,mmm111,Belize,eee111
fff111,CA,mmm111,Canada,eee111
fff111,CC,mmm111,Cocos (Keeling) Islands,eee111
fff111,CD,mmm111,Congo (Dem. Rep.),eee111
fff111,CF,mmm111,Central African Rep.,eee111
fff111,CG,mmm111,Congo (Rep.),eee111
fff111,CH,mmm111,Switzerland,eee111
fff111,CI,mmm111,Cote d'Ivoire,eee111
fff111,CK,mmm111,Cook Islands,eee111
fff111,CL,mmm111,Chile,eee111
fff111,CM,mmm111,Cameroon,eee111
fff111,CN,mmm111,China,eee111
fff111,CO,mmm111,Colombia,eee111
fff111,CR,mmm111,Costa Rica,eee111
fff111,CU,mmm111,Cuba,eee111
fff111,CV,mmm111,Cape Verde,eee111
fff111,CW,mmm111,Curacao,eee111
fff111,CX,mmm111,Christmas Island,eee111
fff111,CY,mmm111,Cyprus,eee111
fff111,CZ,mmm111,Czech Republic,eee111
fff111,DE,mmm111,Germany,eee111
fff111,DJ,mmm111,Djibouti,eee111
fff111,DK,mmm111,Denmark,eee111
fff111,DM,mmm111,Dominica,eee111
fff111,DO,mmm111,Dominican Republic,eee111
fff111,DZ,mmm111,Algeria,eee111
fff111,EC,mmm111,Ecuador,eee111
fff111,EE,mmm111,Estonia,eee111
fff111,EG,mmm111,Egypt,eee111
fff111,EH,mmm111,Western Sahara,eee111
fff111,ER,mmm111,Eritrea,eee111
fff111,ES,mmm111,Spain,eee111
fff111,ET,mmm111,Ethiopia,eee111
fff111,FI,mmm111,Finland,eee111
fff111,FJ,mmm111,Fiji,eee111
fff111,FK,mmm111,Falkland Islands,eee111
fff111,FM,mmm111,Micronesia,eee111
fff111,FO,mmm111,Faroe Islands,eee111
fff111,FR,mmm111,France,eee111
fff111,GA,mmm111,Gabon,eee111
fff111,GB,mmm111,Britain (UK),eee111
fff111,GD,mmm111,Grenada,eee111
fff111,GE,mmm111,Georgia,eee111
fff111,GF,mmm111,French Guiana,eee111
fff111,GG,mmm111,Guernsey,eee111
fff111,GH,mmm111,Ghana,eee111
fff111,GI,mmm111,Gibraltar,eee111
fff111,GL,mmm111,Greenland,eee111
fff111,GM,mmm111,Gambia,eee111
fff111,GN,mmm111,Guinea,eee111
fff111,GP,mmm111,Guadeloupe,eee111
fff111,GQ,mmm111,Equatorial Guinea,eee111
fff111,GR,mmm111,Greece,eee111
fff111,GS,mmm111,South Georgia & the South Sandwich Islands,eee111
fff111,GT,mmm111,Guatemala,eee111
fff111,GU,mmm111,Guam,eee111
fff111,GW,mmm111,Guinea-Bissau,eee111
fff111,GY,mmm111,Guyana,eee111
fff111,HK,mmm111,Hong Kong,eee111
fff111,HM,mmm111,Heard Island & McDonald Islands,eee111
fff111,HN,mmm111,Honduras,eee111
fff111,HR,mmm111,Croatia,eee111
fff111,HT,mmm111,Haiti,eee111
fff111,HU,mmm111,Hungary,eee111
fff111,ID,mmm111,Indonesia,eee111
fff111,IE,mmm111,Ireland,eee111
fff111,IL,mmm111,Israel,eee111
fff111,IM,mmm111,Isle of Man,eee111
fff111,IN,mmm111,India,eee111
fff111,IO,mmm111,British Indian Ocean Territory,eee111
fff111,IQ,mmm111,Iraq,eee111
fff111,IR,mmm111,Iran,eee111
fff111,IS,mmm111,Iceland,eee111
fff111,IT,mmm111,Italy,eee111
fff111,JE,mmm111,Jersey,eee111
fff111,JM,mmm111,Jamaica,eee111
fff111,JO,mmm111,Jordan,eee111
fff111,JP,mmm111,Japan,eee111
fff111,KE,mmm111,Kenya,eee111
fff111,KG,mmm111,Kyrgyzstan,eee111
fff111,KH,mmm111,Cambodia,eee111
fff111,KI,mmm111,Kiribati,eee111
fff111,KM,mmm111,Comoros,eee111
fff111,KN,mmm111,St Kitts & Nevis,eee111
fff111,KP,mmm111,Korea (North),eee111
fff111,KR,mmm111,Korea (South),eee111
fff111,KW,mmm111,Kuwait,eee111
fff111,KY,mmm111,Cayman Islands,eee111
fff111,KZ,mmm111,Kazakhstan,eee111
fff111,LA,mmm111,Laos,eee111
fff111,LB,mmm111,Lebanon,eee111
fff111,LC,mmm111,St Lucia,eee111
fff111,LI,mmm111,Liechtenstein,eee111
fff111,LK,mmm111,Sri Lanka,eee111
fff111,LR,mmm111,Liberia,eee111
fff111,LS,mmm111,Lesotho,eee111
fff111,LT,mmm111,Lithuania,eee111
fff111,LU,mmm111,Luxembourg,eee111
fff111,LV,mmm111,Latvia,eee111
fff111,LY,mmm111,Libya,eee111
fff111,MA,mmm111,Morocco,eee111
fff111,MC,mmm111,Monaco,eee111
fff111,MD,mmm111,Moldova,eee111
fff111,ME,mmm111,Montenegro,eee111
fff111,MF,mmm111,St Martin (French part),eee111
fff111,MG,mmm111,Madagascar,eee111
fff111,MH,mmm111,Marshall Islands,eee111
fff111,MK,mmm111,Macedonia,eee111
fff111,ML,mmm111,Mali,eee111
fff111,MM,mmm111,Myanmar (Burma),eee111
fff111,MN,mmm111,Mongolia,eee111
fff111,MO,mmm111,Macau,eee111
fff111,MP,mmm111,Northern Mariana Islands,eee111
fff111,MQ,mmm111,Martinique,eee111
fff111,MR,mmm111,Mauritania,eee111
fff111,MS,mmm111,Montserrat,eee111
fff111,MT,mmm111,Malta,eee111
fff111,MU,mmm111,Mauritius,eee111
fff111,MV,mmm111,Maldives,eee111
fff111,MW,mmm111,Malawi,eee111
fff111,MX,mmm111,Mexico,eee111
fff111,MY,mmm111,Malaysia,eee111
fff111,MZ,mmm111,Mozambique,eee111
fff111,NA,mmm111,Namibia,eee111
fff111,NC,mmm111,New Caledonia,eee111
fff111,NE,mmm111,Niger,eee111
fff111,NF,mmm111,Norfolk Island,eee111
fff111,NG,mmm111,Nigeria,eee111
fff111,NI,mmm111,Nicaragua,eee111
fff111,NL,mmm111,Netherlands,eee111
fff111,NO,mmm111,Norway,eee111
fff111,NP,mmm111,Nepal,eee111
fff111,NR,mmm111,Nauru,eee111
fff111,NU,mmm111,Niue,eee111
fff111,NZ,mmm111,New Zealand,eee111
fff111,OM,mmm111,Oman,eee111
fff111,PA,mmm111,Panama,eee111
fff111,PE,mmm111,Peru,eee111
fff111,PF,mmm111,French Polynesia,eee111
fff111,PG,mmm111,Papua New Guinea,eee111
fff111,PH,mmm111,Philippines,eee111
fff111,PK,mmm111,Pakistan,eee111
fff111,PL,mmm111,Poland,eee111
fff111,PM,mmm111,St Pierre & Miquelon,eee111
fff111,PN,mmm111,Pitcairn,eee111
fff111,PR,mmm111,Puerto Rico,eee111
fff111,PS,mmm111,Palestine,eee111
fff111,PT,mmm111,Portugal,eee111
fff111,PW,mmm111,Palau,eee111
fff111,PY,mmm111,Paraguay,eee111
fff111,QA,mmm111,Qatar,eee111
fff111,RE,mmm111,Reunion,eee111
fff111,RO,mmm111,Romania,eee111
fff111,RS,mmm111,Serbia,eee111
fff111,RU,mmm111,Russia,eee111
fff111,RW,mmm111,Rwanda,eee111
fff111,SA,mmm111,Saudi Arabia,eee111
fff111,SB,mmm111,Solomon Islands,eee111
fff111,SC,mmm111,Seychelles,eee111
fff111,SD,mmm111,Sudan,eee111
fff111,SE,mmm111,Sweden,eee111
fff111,SG,mmm111,Singapore,eee111
fff111,SH,mmm111,St Helena,eee111
fff111,SI,mmm111,Slovenia,eee111
fff111,SJ,mmm111,Svalbard & Jan Mayen,eee111
fff111,SK,mmm111,Slovakia,eee111
fff111,SL,mmm111,Sierra Leone,eee111
fff111,SM,mmm111,San Marino,eee111
fff111,SN,mmm111,Senegal,eee111
fff111,SO,mmm111,Somalia,eee111
fff111,SR,mmm111,Suriname,eee111
fff111,SS,mmm111,South Sudan,eee111
fff111,ST,mmm111,Sao Tome & Principe,eee111
fff111,SV,mmm111,El Salvador,eee111
fff111,SX,mmm111,St Maarten (Dutch part),eee111
fff111,SY,mmm111,Syria,eee111
fff111,SZ,mmm111,Swaziland,eee111
fff111,TC,mmm111,Turks & Caicos Is,eee111
fff111,TD,mmm111,Chad,eee111
fff111,TF,mmm111,French Southern & Antarctic Lands,eee111
fff111,TG,mmm111,Togo,eee111
fff111,TH,mmm111,Thailand,eee111
fff111,TJ,mmm111,Tajikistan,eee111
fff111,TK,mmm111,Tokelau,eee111
fff111,TL,mmm111,East Timor,eee111
fff111,TM,mmm111,Turkmenistan,eee111
fff111,TN,mmm111,Tunisia,eee111
fff111,TO,mmm111,Tonga,eee111
fff111,TR,mmm111,Turkey,eee111
fff111,TT,mmm111,Trinidad & Tobago,eee111
fff111,TV,mmm111,Tuvalu,eee111
fff111,TW,mmm111,Taiwan,eee111
fff111,TZ,mmm111,Tanzania,eee111
fff111,UA,mmm111,Ukraine,eee111
fff111,UG,mmm111,Uganda,eee111
fff111,UM,mmm111,US minor outlying islands,eee111
fff111,US,mmm111,United States,eee111
fff111,UY,mmm111,Uruguay,eee111
fff111,UZ,mmm111,Uzbekistan,eee111
fff111,VA,mmm111,Vatican City,eee111
fff111,VC,mmm111,St Vincent,eee111
fff111,VE,mmm111,Venezuela,eee111
fff111,VG,mmm111,Virgin Islands (UK),eee111
fff111,VI,mmm111,Virgin Islands (US),eee111
fff111,VN,mmm111,Vietnam,eee111
fff111,VU,mmm111,Vanuatu,eee111
fff111,WF,mmm111,Wallis & Futuna,eee111
fff111,WS,mmm111,Samoa (western),eee111
fff111,YE,mmm111,Yemen,eee111
fff111,YT,mmm111,Mayotte,eee111
fff111,ZA,mmm111,South Africa,eee111
fff111,ZM,mmm111,Zambia,eee111
fff111,ZW,mmm111,Zimbabwe,eee111
